Método,Procesos/Hilos,Tiempo(s),Speedup,Eficiencia(%)
Secuencial,1,740.667944477,1.0,100
MPI,1,731.402615645,1.01,101.00
MPI,2,451.256756036,1.64,82.00
MPI,4,397.004433652,1.86,46.00
MPI,8,307.463735343,2.40,30.00
MPI,16,301.956742478,2.45,15.00
OpenMP,1,718.787879696,1.03,103.00
OpenMP,2,473.793727053,1.56,78.00
OpenMP,4,371.281879181,1.99,49.00
OpenMP,8,321.148774496,2.30,28.00
OpenMP,16,324.642993563,2.28,14.00
Cuda,RTX3060,727.190242376,1.01,
