Método,Procesos/Hilos,Tiempo(s),Speedup,Eficiencia(%)
Secuencial,1,2756.295156733,1.0,100
MPI,1,2721.853615645,1.01,101.00
MPI,2,1740.004203983,1.58,79.00
MPI,4,1313.308826436,2.09,52.00
MPI,8,1151.935598280,2.39,29.00
MPI,16,1127.371112752,2.44,15.00
OpenMP,1,2660.779479696,1.03,103.00
OpenMP,2,1695.715273258,1.62,81.00
OpenMP,4,1359.972327875,2.02,50.00
OpenMP,8,1196.803399835,2.30,28.00
OpenMP,16,1203.621997863,2.29,14.00
Cuda,RTX3060,2750.915726711,1.0,